2001-8033,EX3B-TL-005,EX-200,DTG
71527,EX5B-VO-007,EC-210-B,PARICHA
50146,EX22B-VO-493,EC-210-B,AMP
2001-50909,EX23B-TL-515,EX-200 LCI,ICML
NL31991,EX24C-KO-516,PC-300LC-7,TTK
272324,EX25E-VO-526,EC480DL,DTG
272325,EX26E-VO-527,EC480DL,DTG
272341,EX27E-VO-528,EC480DL,RCML
272344,EX28E-VO-529,EC480DL,RCML
272352,EX29E-VO-530,EC480DL,KTPH
272354,EX30E-VO-531,EC480DL,KTPH
272345,EX31E-VO-532,EC480DL,RCML
272346,EX32E-VO-533,EC480DL,TTK
272380,EX33E-VO-584,EC480DL,RCML
272386,EX34E-VO-585,EC480DL,DTG
50110,EX35C-VO-586,EC290BLC,RCML
50111,EX36C-VO-587,EC290BLC,PKBD
272679,EX37E-VO-626,EC480DL,KTPH
272680,EX38E-VO-627,EC480DL,KTPH
273228,EX39E-VO-628,EC480DL,RCML
273233,EX40E-VO-629,EC480DL,DTG
273238,EX41E-VO-630,EC480DL,KTPH
273231,EX42E-VO-679,EC480DL,KTPH
273267,EX43E-VO-680,EC480DL,RCML
273514,EX44E-VO-706,EC480DL,TTK
273515,EX45E-VO-707,EC480DL,KTPH
273516,EX46E-VO-708,EC480DL,RCML
273517,EX47E-VO-709,EC480DL,DTG
S200-52494,EX48B-TL-710,EX-200 LC,KTPH
273643,EX49E-VO-756,EC480DL,KTPH
273647,EX50E-VO-757,EC480DL,KTPH
273651,EX51E-VO-758,EC480DL,TTK
273828,EX52E-VO-790,EC480DL,RCML
274170,EX53E-VO-844,EC480DL,PKBD
274171,EX54E-VO-845,EC480DL,DTG
274195,EX55E-VO-846,EC480DL,DTG
THEJAHL0A00000142,EX56E-TL-862,ZAXIS-470,BEGUNIA
THEJAHL0H00000144,EX57E-TL-863,ZAXIS-470,BEGUNIA
THEJAHL0E00000145,EX58E-TL-864,ZAXIS-470,ICML
OACG-00217,EX59G-TL-973,ZAXIS-650H,ICML
THEJAHL0A00000237,EX60E-TL-996,ZAXIS-470,ICML
OACG-000248,EX61G-TL-999,ZAXIS-650H,ICML
THEJAHL0V00000317,EX62E-TL-1099,ZAXIS-470,ICML
275270,EX63E-VO-1100,EC480DL,DTG
THEJAJIL0A00000318,EX64E-TL-1118,ZAXIS-470,ICML
275251,EX65E-VO-1127,EC480DL,RCML
275318,EX66E-VO-1128,EC480DL,DTG
275350,EX67E-VO-1129,EC480DL,AMP
275332,EX68E-VO-1173,EC480DL,RCML
275346,EX69E-VO-1174,EC480DL,RCML
275349,EX70E-VO-1175,EC480DL,RCML
275374,EX71E-VO-1194,EC480DL,RCML
275385,EX72E-VO-1195,EC480DL,RCML
275366,EX73E-VO-1196,EC480DL,RCML
