881448,TP116G-VE-187,FM-400 (18.7 M3) (G),DTG
889313,TP126G-VE-197,FM-400 (18.7 M3) (G),RCML
889315,TP128G-VE-199,FM-400 (18.7 M3) (G),TTK
889316,TP129G-VE-200,FM-400 (18.7 M3) (G),BEGUNIA
889496,TP131G-VE-202,FM-400 (18.7 M3) (G),RCML
889497,TP132G-VE-203,FM-400 (18.7 M3) (G),KTPH
891499,TP133G-VE-204,FM-400 (18.7 M3) (G),RCML
891509 (RN),TP134G-VE-205,FM-400 (18.7 M3) (G),RCML
891795,TP135G-VE-206,FM-400 (18.7 M3) (G),BEGUNIA
891796 (RN),TP136G-VE-207,FM-400 (18.7 M3) (G),TTK
891797,TP137G-VE-208,FM-400 (18.7 M3) (G),BEGUNIA
891798,TP138G-VE-209,FM-400 (18.7 M3) (G),BEGUNIA
891799,TP139G-VE-210,FM-400 (18.7 M3) (H),RCML
891800,TP140G-VE-211,FM-400 (18.7 M3) (G),ICML
892158,TP141G-VE-212,FM-400 (18.7 M3) (H),TTK
892159,TP142G-VE-213,FM-400 (18.7 M3) (G),ICML
892164,TP144G-VE-215,FM-400 (18.7 M3) (G),RCML
891804,TP146G-VE-217,FM-400 (18.7 M3) (G),BEGUNIA
894222,TP147G-VE-218,FM-400 (18.7 M3) (G),ICML
893620,TP148G-VE-219,FM-400 (18.7 M3) (G),BEGUNIA
893621,TP149G-VE-220,FM-400 (18.7 M3) (G),BEGUNIA
893622,TP150G-VE-221,FM-400 (18.7 M3) (G),RCML
894782,TP151G-VE-222,FM-400 (18.7 M3) (G),RCML
894783,TP152G-VE-223,FM-400 (18.7 M3) (G),BEGUNIA
894784,TP153G-VE-224,FM-400 (18.7 M3) (H),RCML
894785,TP154G-VE-225,FM-400 (18.7 M3) (G),BEGUNIA
894786,TP155G-VE-226,FM-400 (18.7 M3) (G),BEGUNIA
895117,TP156G-VE-227,FM-400 (18.7 M3) (G),BEGUNIA
895118,TP157G-VE-228,FM-400 (18.7 M3) (G),RCML
895119,TP158G-VE-229,FM-400 (18.7 M3) (H),RCML
895120,TP159G-VE-230,FM-400 (18.7 M3) (G),RCML
895121,TP160G-VE-231,FM-400 (18.7 M3) (G),RCML
895122,TP161G-VE-232,FM-400 (18.7 M3) (G),CWS
894363,TP162G-VE-233,FM-400 (18.7 M3) (G),RCML
894555,TP163G-VE-234,FM-400 (18.7 M3) (G),RCML
895326,TP164G-VE-235,FM-400 (18.7 M3) (G),BEGUNIA
895934,TP166G-VE-237,FM-400 (18.7 M3) (G),BEGUNIA
896125,TP165G-VE-236,FM-400 (18.7 M3) (G),ICML
915899,TP168H-VE-542,FMX-440   (18.7 M3) (H),RCML
915900,TP169H-VE-543,FMX-440   (18.7 M3) (H),RCML
915901,TP170H-VE-544,FMX-440   (18.7 M3) (G),KTPH
916054,TP171H-VE-545,FMX-440   (18.7 M3) (H),RCML
916055,TP172H-VE-546,FMX-440   (18.7 M3) (G),KTPH
916339,TP173H-VE-547,FMX-440   (18.7 M3) (H),RCML
916340,TP174H-VE-548,FMX-440   (18.7 M3) (G),KTPH
916341,TP175H-VE-549,FMX-440   (18.7 M3) (H),RCML
916342,TP176H-VE-550,FMX-440   (18.7 M3) (G),KTPH
916343,TP177H-VE-551,FMX-440   (18.7 M3) (G),RCML
916390,TP178H-VE-552,FMX-440   (18.7 M3) (G),KTPH
916391,TP179H-VE-553,FMX-440   (18.7 M3) (H),RCML
916344,TP180H-VE-554,FMX-440   (18.7 M3) (H),RCML
916345,TP181H-VE-555,FMX-440   (18.7 M3) (H),RCML
916346,TP182H-VE-556,FMX-440   (18.7 M3) (H),RCML
916347,TP183H-VE-558,FMX-440   (18.7 M3) (H),RCML
916348,TP184H-VE-559,FMX-440   (18.7 M3) (H),RCML
916349,TP185H-VE-560,FMX-440   (18.7 M3) (H),RCML
916894,TP187H-VE-562,FMX-440   (18.7 M3) (G),RCML
916895,TP188H-VE-563,FMX-440   (18.7 M3) (H),RCML
916896,TP189H-VE-564,FMX-440   (18.7 M3) (G),KTPH
916897,TP190H-VE-565,FMX-440   (18.7 M3) (G),KTPH
916898,TP191H-VE-566,FMX-440   (18.7 M3) (H),DTG
916899,TP192H-VE-567,FMX-440   (18.7 M3) (H),RCML
916900,TP193H-VE-568,FMX-440   (18.7 M3) (H),RCML
917107,TP194H-VE-569,FMX-440   (18.7 M3) (G),RCML
917108,TP195H-VE-570,FMX-440   (18.7 M3) (H),RCML
917109,TP196H-VE-571,FMX-440   (18.7 M3) (H),TTK
916397,TP197H-VE-572,FMX-440   (18.7 M3) (G),PKBD
916398,TP198H-VE-573,FMX-440   (18.7 M3) (G),PKBD
917436,TP199H-VE-574,FMX-440   (18.7 M3) (H),RCML
917440,TP200H-VE-575,FMX-440   (18.7 M3) (G),KTPH
917441,TP201H-VE-576,FMX-440   (18.7 M3) (H),RCML
917442,TP202H-VE-577,FMX-440   (18.7 M3) (H),RCML
917517,TP203H-VE-589,FMX-440   (18.7 M3) (H),RCML
917518,TP204H-VE-590,FMX-440   (18.7 M3) (H),RCML
917519,TP205H-VE-591,FMX-440   (18.7 M3) (H),RCML
917520,TP206H-VE-592,FMX-440   (18.7 M3) (G),KTPH
917521,TP207H-VE-593,FMX-440   (18.7 M3) (H),RCML
917522,TP208H-VE-594,FMX-440   (18.7 M3) (H),RCML
917523,TP209H-VE-595,FMX-440   (18.7 M3) (H),RCML
917525,TP210H-VE-596,FMX-440   (18.7 M3) (G),RCML
917526,TP211H-VE-597,FMX-440   (18.7 M3) (H),RCML
917528,TP212H-VE-598,FMX-440   (18.7 M3) (H),RCML
918973,TP213H-VE-631,FMX-440   (18.7 M3) (H),RCML
918974,TP214H-VE-632,FMX-440   (18.7 M3) (H),RCML
918975,TP215H-VE-633,FMX-440   (18.7 M3) (H),RCML
918976,TP216H-VE-634,FMX-440   (18.7 M3) (H),RCML
918977,TP217H-VE-635,FMX-440   (18.7 M3) (H),DTG
918978,TP218H-VE-636,FMX-440   (18.7 M3) (G),TTK
918979,TP219H-VE-637,FMX-440   (18.7 M3) (H),RCML
918980,TP220H-VE-638,FMX-440   (18.7 M3) (G),TTK
918981,TP221H-VE-639,FMX-440   (18.7 M3) (G),KTPH
918982,TP222H-VE-640,FMX-440   (18.7 M3) (G),KTPH
924437,TP223H1-VE-681,FMX-440   (19.5 M3) (G),ICML
924439,TP224H1-VE-682,FMX-440   (19.5 M3) (G),ICML
924440,TP225H1-VE-683,FMX-440   (19.5 M3) (G),ICML
924441,TP226H1-VE-684,FMX-440   (19.5 M3) (G),ICML
924442,TP227H1-VE-685,FMX-440   (19.5 M3) (G),ICML
924433,TP228H1-VE-686,FMX-440   (19.5 M3) (G),ICML
924532,TP229H1-VE-687,FMX-440   (19.5 M3) (G),ICML
924533,TP230H1-VE-688,FMX-440   (19.5 M3) (G),ICML
924976,TP231H1-VE-689,FMX-440   (20.2 M3) (G),ICML
924977,TP232H1-VE-690,FMX-440   (19.5 M3) (G),ICML
929289,TP233H1-VE-746,FMX-440   (19.5 M3) (G),DTG
929290,TP234H1-VE-747,FMX-440   (19.5 M3) (H),RCML
929291,TP235H1-VE-748,FMX-440   (19.5 M3) (H),RCML
929461,TP236H1-VE-749,FMX-440   (19.5 M3) (H),DTG
929462,TP237H1-VE-750,FMX-440   (19.5 M3) (H),RCML
929463,TP238H1-VE-751,FMX-440   (19.5 M3) (G),RCML
929466,TP239H1-VE-752,FMX-440   (19.5 M3) (H),TTK
929467,TP240H1-VE-753,FMX-440   (19.5 M3) (H),RCML
929470,TP241H1-VE-754,FMX-440   (19.5 M3) (H),PKBD
929471,TP242H1-VE-755,FMX-440   (19.5 M3) (H),PKBD
929874,TP243H1-VE-760,FMX-440   (19.5 M3) (H),PKBD
929875,TP244H1-VE-761,FMX-440   (19.5 M3) (G),ICML
929876,TP245H1-VE-762,FMX-440   (19.5 M3) (H),RCML
929877,TP246H1-VE-763,FMX-440   (19.5 M3) (H),DTG
929878,TP247H1-VE-764,FMX-440   (19.5 M3) (G),TTK
925126,TP248H2-VE-765,FMX-440 (33M3) (COAL),RCML
925127,TP249H2-VE-766,FMX-440 (33M3) (COAL),RCML
925128,TP250H2-VE-767,FMX-440 (33M3) (COAL),RCML
925130,TP251H2-VE-768,FMX-440 (33M3) (COAL),RCML
925131,TP252H2-VE-769,FMX-440 (33M3) (COAL),RCML
925132,TP253H2-VE-774,FMX-440 (33M3) (COAL),AMP
924670,TP254H2-VE-775,FMX-440 (33M3) (COAL),AMP
924673,TP255H2-VE-776,FMX-440 (33M3) (COAL),AMP
924678,TP256H2-VE-777,FMX-440 (33M3) (COAL),RCML
924683,TP257H2-VE-778,FMX-440 (33M3) (COAL),AMP
925193,TP258H2-VE-791,FMX-440 (33M3) (COAL),AMP
925195,TP259H2-VE-792,FMX-440 (33M3) (COAL),RCML
925196,TP260H2-VE-793,FMX-440 (33M3) (COAL),AMP
925197,TP261H2-VE-794,FMX-440 (33M3) (COAL),RCML
925198,TP262H2-VE-795,FMX-440 (33M3) (COAL),AMP
925199,TP263H2-VE-796,FMX-440 (33M3) (COAL),RCML
925200,TP264H2-VE-797,FMX-440 (33M3) (COAL),RCML
925201,TP265H2-VE-798,FMX-440 (33M3) (COAL),RCML
925202,TP266H2-VE-799,FMX-440 (33M3) (COAL),RCML
925203,TP267H2-VE-800,FMX-440 (33M3) (COAL),RCML
925207,TP268H2-VE-801,FMX-440 (33M3) (COAL),AMP
931646,TP269H2-VE-802,FMX-440 (33M3) (COAL),RCML
931647,TP270H2-VE-803,FMX-440 (33M3) (COAL),RCML
931648,TP271H2-VE-804,FMX-440 (33M3) (COAL),RCML
924684,TP272H2-VE-805,FMX-440 (33M3) (COAL),AMP
885316,TP273G2-VE-819,FM-400 (32M3) (COAL),AMP
8936038,TP274H3-VE-831,FMX-440   (19.5 M3) (G),ICML
8936044,TP275H3-VE-832,FMX-440   (19.5 M3) (G),KTPH
8936045,TP276H3-VE-833,FMX-440   (19.5 M3) (G),KTPH
8936046,TP277H3-VE-834,FMX-440   (19.5 M3) (G),KTPH
8936391,TP278H3-VE-835,FMX-440   (19.5 M3) (G),KTPH
8936392,TP279H3-VE-836,FMX-440   (19.5 M3) (G),KTPH
8936393,TP280H3-VE-837,FMX-440   (19.5 M3) (G),KTPH
8936394,TP281H3-VE-838,FMX-440   (19.5 M3) (G),KTPH
8936395,TP282H3-VE-839,FMX-440   (19.5 M3) (G),KTPH
8936396,TP283H3-VE-840,FMX-440   (19.5 M3) (G),KTPH
8936041,TP284H2-VE-901,FMX-440 (33M3) (COAL),AMP
8936042,TP285H2-VE-902,FMX-440 (33M3) (COAL),AMP
8936043,TP286H2-VE-903,FMX-440 (33M3) (COAL),AMP
8936529,TP287H2-VE-904,FMX-440 (33M3) (COAL),AMP
8936532,TP288H2-VE-905,FMX-440 (33M3) (COAL),AMP
8936533,TP289H2-VE-906,FMX-440 (33M3) (COAL),AMP
8936534,TP290H2-VE-907,FMX-440 (33M3) (COAL),AMP
8936535,TP291H2-VE-908,FMX-440 (33M3) (COAL),AMP
8936608,TP292H2-VE-909,FMX-440 (33M3) (COAL),AMP
8936609,TP293H2-VE-910,FMX-440 (33M3) (COAL),AMP
8942987,TP294I-VE-974,FMX-460   (19.5 M3) (G),TTK
8942998,TP295I-VE-975,FMX-460   (19.5 M3) (G),DTG
8942999,TP296I-VE-976,FMX-460   (19.5 M3) (G),DTG
8943000,TP297I-VE-977,FMX-460   (19.5 M3) (G),DTG
8943001,TP298I-VE-978,FMX-460   (19.5 M3) (G),DTG
8943002,TP299I-VE-979,FMX-460   (19.5 M3) (G),DTG
8943003,TP300I-VE-980,FMX-460   (19.5 M3) (G),DTG
8943004,TP301I-VE-981,FMX-460   (19.5 M3) (G),DTG
8943005,TP302I-VE-982,FMX-460   (19.5 M3) (G),DTG
8943006,TP303I-VE-983,FMX-460   (19.5 M3) (G),DTG
8943705,TP304I-VE-993,FMX-460   (19.5 M3) (G),KTPH
8943712,TP305I-VE-994,FMX-460   (19.5 M3) (G),KTPH
8943714,TP306I-VE-995,FMX-460   (19.5 M3) (G),KTPH
8944538,TP307I1-VE-1021,FMX-460 (33M3) (COAL),AMP
8944539,TP308I1-VE-1022,FMX-460 (33M3) (COAL),AMP
8947133,TP309I1-VE-1023,FMX-460 (33M3) (COAL),RCML
8947134,TP310I1-VE-1024,FMX-460 (33M3) (COAL),RCML
8947139,TP311I1-VE-1025,FMX-460 (33M3) (COAL),RCML
8947140,TP312I1-VE-1026,FMX-460 (33M3) (COAL),RCML
8950805,TP313I-VE-1092,FMX-460   (19.5 M3) (G),ICML
8950806,TP314I-VE-1093,FMX-460   (19.5 M3) (G),ICML
8950807,TP315I-VE-1094,FMX-460   (19.5 M3) (G),ICML
8950808,TP316I-VE-1095,FMX-460   (19.5 M3) (G),ICML
8950809,TP317I-VE-1096,FMX-460   (19.5 M3) (G),ICML
8952000,TP318I-VE-1106,FMX-460   (19.5 M3) (G),ICML
8952001,TP319I-VE-1107,FMX-460   (19.5 M3) (G),ICML
8952008,TP320I-VE-1108,FMX-460   (19.5 M3) (G),ICML
8952009,TP321I-VE-1109,FMX-460   (19.5 M3) (G),ICML
8952011,TP322I-VE-1110,FMX-460   (19.5 M3) (G),ICML
8952940,TP323I-VE-1111,FMX-460   (19.5 M3) (G),ICML
8952941,TP324I-VE-1112,FMX-460   (19.5 M3) (G),ICML
8952942,TP325I-VE-1113,FMX-460   (19.5 M3) (G),ICML
8952943,TP326I-VE-1114,FMX-460   (19.5 M3) (G),ICML
8952944,TP327I-VE-1115,FMX-460   (19.5 M3) (G),ICML
8953464,TP328I-VE-1130,FMX-460   (19.5 M3) (G),KTPH
8953465,TP329I-VE-1131,FMX-460   (19.5 M3) (G),KTPH
8953466,TP330I-VE-1132,FMX-460   (19.5 M3) (G),KTPH
8953467,TP331I-VE-1133,FMX-460   (19.5 M3) (G),KTPH
8953469,TP332I-VE-1134,FMX-460   (19.5 M3) (G),KTPH
8953470,TP333I-VE-1135,FMX-460   (19.5 M3) (G),KTPH
8953383,TP334I-VE-1151,FMX-460   (19.5 M3) (G),DTG
8953388,TP335I-VE-1152,FMX-460   (19.5 M3) (G),DTG
8953389,TP336I-VE-1153,FMX-460   (19.5 M3) (G),DTG
8953484,TP337I-VE-1154,FMX-460   (19.5 M3) (G),DTG
8953583,TP338I-VE-1155,FMX-460   (19.5 M3) (G),DTG
8953584,TP339I-VE-1156,FMX-460   (19.5 M3) (G),DTG
8953585,TP340I-VE-1157,FMX-460   (19.5 M3) (G),DTG
8953586,TP341I-VE-1158,FMX-460   (19.5 M3) (G),DTG
8953587,TP342I-VE-1159,FMX-460   (19.5 M3) (G),DTG
8953588,TP343I-VE-1160,FMX-460   (19.5 M3) (G),KTPH
8953589,TP344I-VE-1161,FMX-460   (19.5 M3) (G),KTPH
8953591,TP345I-VE-1162,FMX-460   (19.5 M3) (G),KTPH
8953593,TP346I-VE-1163,FMX-460   (19.5 M3) (G),KTPH
8953594,TP347I-VE-1164,FMX-460   (19.5 M3) (G),KTPH
8953596,TP348I-VE-1165,FMX-460   (19.5 M3) (G),KTPH
8953781,TP349I-VE-1166,FMX-460   (19.5 M3) (G),DTG
8953783,TP350I-VE-1167,FMX-460   (19.5 M3) (G),DTG
8953784,TP351I-VE-1168,FMX-460   (19.5 M3) (G),DTG
8953786,TP352I-VE-1169,FMX-460   (19.5 M3) (G),DTG
8953787,TP353I-VE-1170,FMX-460   (19.5 M3) (G),DTG
8953788,TP354I-VE-1171,FMX-460   (19.5 M3) (G),DTG
8953789,TP355I-VE-1172,FMX-460   (19.5 M3) (G),DTG
8954153,TP356I-VE-1180,FMX-460   (19.5 M3) (H),DTG
8954154,TP357I-VE-1181,FMX-460   (19.5 M3) (H),DTG
8954155,TP358I-VE-1182,FMX-460   (19.5 M3) (H),DTG
8954156,TP359I-VE-1183,FMX-460   (19.5 M3) (H),DTG
8954157,TP360I-VE-1184,FMX-460   (19.5 M3) (H),DTG
8954161,TP361I-VE-1185,FMX-460   (19.5 M3) (H),DTG
8954162,TP362I-VE-1186,FMX-460   (19.5 M3) (H),DTG
8954167,TP363I-VE-1187,FMX-460   (19.5 M3) (H),DTG
8954168,TP364I-VE-1188,FMX-460   (19.5 M3) (H),DTG
8954169,TP365I-VE-1189,FMX-460   (19.5 M3) (H),DTG
954340,TP366I-VE-1197,FMX-460   (19.5 M3) (H),TTK
954341,TP367I-VE-1198,FMX-460   (19.5 M3) (H),TTK
954350,TP368I-VE-1199,FMX-460   (19.5 M3) (H),TTK
954351,TP369I-VE-1200,FMX-460   (19.5 M3) (H),TTK
954359,TP370I-VE-1201,FMX-460   (19.5 M3) (G),TTK
